Комплект;Артикул;Назва;Ціна
@ Audi A4 2017 Бампер передній S-line хром;15223;Audi A4 2017 Бампер передній S-line;94
@ Audi A4 2017 Бампер передній S-line хром;15232;Audi A4 2017 Накладка туманки Sport L;25
@ Audi A4 2017 Бампер передній S-line хром;15233;Audi A4 2017 Накладка туманки Sport R;25
@ Audi A4 2017 Бампер передній S-line хром;15227;Audi A4 2017 Решітка бампера S-line;11
@ Audi A4 2017 Бампер передній S-line хром;15224;Audi A4 2017 Решітка радіатора S-line;114
@ Audi A4 2017 Бампер передній S-line чорний;15223;Audi A4 2017 Бампер передній S-line;94
@ Audi A4 2017 Бампер передній S-line чорний;15440;Audi A4 2017 Накладка туманки чорна L;12
@ Audi A4 2017 Бампер передній S-line чорний;15441;Audi A4 2017 Накладка туманки чорна R;12
@ Audi A4 2017 Бампер передній S-line чорний;15227;Audi A4 2017 Решітка бампера S-line;11
@ Audi A4 2017 Бампер передній S-line чорний;15289;Audi A4 2017 Решітка рідіатора S4 BLACK;127
@ Audi A4 2020 Бампер передній хром;15291;Audi A4 2021 Бампер передній;60
@ Audi A4 2020 Бампер передній хром;15365;Audi A4 2021 Губа бампера;7
@ Audi A4 2020 Бампер передній хром;15297;Audi A4 2021 Кріплення решітки;11
@ Audi A4 2020 Бампер передній хром;15292;Audi A4 2021 Накладка бампера L;16
@ Audi A4 2020 Бампер передній хром;15293;Audi A4 2021 Накладка бампера R;16
@ Audi A4 2020 Бампер передній хром;15294;Audi A4 2021 Нижня решітка;11
@ Audi A4 2020 Бампер передній хром;15290;Audi A4 2021 Решітка радіатора;79,34
@ Audi A4 2020 Бампер передній хром;15361;Audi A4 2021 Спойлер бампера;16
@ Audi A4 2020 Бампер передній чорний;15291;Audi A4 2021 Бампер передній;60
@ Audi A4 2020 Бампер передній чорний;15365;Audi A4 2021 Губа бампера;7
@ Audi A4 2020 Бампер передній чорний;15297;Audi A4 2021 Кріплення решітки;11
@ Audi A4 2020 Бампер передній чорний;15292;Audi A4 2021 Накладка бампера L;16
@ Audi A4 2020 Бампер передній чорний;15293;Audi A4 2021 Накладка бампера R;16
@ Audi A4 2020 Бампер передній чорний;15294;Audi A4 2021 Нижня решітка;11
@ Audi A4 2020 Бампер передній чорний;15360;Audi A4 2021 Решітка радіатора чорна;147
@ Audi A4 2020 Бампер передній чорний;15361;Audi A4 2021 Спойлер бампера;16
@ Audi Q3 2017 Бампер передній;15312;Audi Q3 2017 Губа бампера;21,6
@ Audi Q3 2017 Бампер передній;15310;Audi Q3 2017 Накладка туманки L;12,01
@ Audi Q3 2017 Бампер передній;15311;Audi Q3 2017 Накладка туманки R;12,01
@ Audi Q3 2017 Бампер передній;15315;Audi Q3 2017 Решітка нижня;30,55
@ Audi Q3 2017 Бампер передній;15308;Audi Q3 2017 Решітка радіатора;80,43
@ Audi Q3 2017 Бампер передній;15313;Audi Q3 2017 Спойлер бампера;25,43
@ Audi Q3 2017 Бампер передній;15309;Audi Q3 2017 Бампер передній;80,43
@ Audi Q5 2019 Бампер передній ;15341;Audi Q5 2019 Бампер передній L;37
@ Audi Q5 2019 Бампер передній ;15342;Audi Q5 2019 Бампер передній R;37
@ Audi Q5 2019 Бампер передній ;15529;Audi Q5 2019 Губа переднього бампера;55
@ Audi Q5 2019 Бампер передній ;15339;Audi Q5 2019 Накладка туманки L;18
@ Audi Q5 2019 Бампер передній ;15340;Audi Q5 2019 Накладка туманки R;18
@ Audi Q5 2019 Бампер передній ;15264;Audi Q5 2019 Планка бампера низ;13
@ Audi Q5 2019 Бампер передній ;15346;Audi Q5 2019 Решітка бампера;9
@ Audi Q5 2019 Бампер передній ;15344;Audi Q5 2019 Спойлер переднього бампера;37
@ Audi Q5 2019 Бампер передній s-line;15256;Audi Q5 2019 Бампер передній S-line L;37
@ Audi Q5 2019 Бампер передній s-line;15257;Audi Q5 2019 Бампер передній S-line R;37
@ Audi Q5 2019 Бампер передній s-line;15261;Audi Q5 2019 Губа переднього бампера S-line;53,9
@ Audi Q5 2019 Бампер передній s-line;15263;Audi Q5 2019 Решітка бампера S-line;32
@ Audi Q5 2019 Бампер передній s-line;15264;Audi Q5 2019 Планка бампера низ;13
@ Audi Q5 2019 Бампер передній s-line;15254;Audi Q5 2019 Накладка туманки S-line L;18
@ Audi Q5 2019 Бампер передній s-line;15255;Audi Q5 2019 Накладка туманки S-line R;18
@ Audi Q5 2020 Бампер передній чорний;15352;Audi Q5 2020 Бампер передній;109
@ Audi Q5 2020 Бампер передній чорний;15454;Audi Q5 2020 Накладка туманки L чорна;24,03
@ Audi Q5 2020 Бампер передній чорний;15455;Audi Q5 2020 Накладка туманки R чорна;24,03
@ Audi Q5 2020 Бампер передній чорний;15353;Audi Q5 2020 Решітка бампера;15,38
@ Audi Q5 2020 Бампер передній чорний;15453;Audi Q5 2020 Решітка радіатора чорна;127,64
@ Audi Q5 2020 Бампер передній чорний;15355;Audi Q5 2020 Спойлер L;11,61
@ Audi Q5 2020 Бампер передній чорний;15356;Audi Q5 2020 Спойлер R;11,61
@ Audi Q5 2020 Бампер передній чорний;15354;Audi Q5 2020 Спойлер переднього бампера;31,06
@ Audi Q5 2020 Бампер передній s-line;15352;Audi Q5 2020 Бампер передній;109
@ Audi Q5 2020 Бампер передній s-line;15581;Audi Q5 2020 Накладка туманки L s-line ;20
@ Audi Q5 2020 Бампер передній s-line;15582;Audi Q5 2020 Накладка туманки R s-line ;20
@ Audi Q5 2020 Бампер передній s-line;15353;Audi Q5 2020 Решітка бампера;15,38
@ Audi Q5 2020 Бампер передній s-line;15327;Audi Q5 2020 Решітка радіатора соти;124,66
@ Audi Q5 2020 Бампер передній s-line;15355;Audi Q5 2020 Спойлер L;11,61
@ Audi Q5 2020 Бампер передній s-line;15356;Audi Q5 2020 Спойлер R;11,61
@ Audi Q5 2020 Бампер передній s-line;15354;Audi Q5 2020 Спойлер переднього бампера;31,06
@ Audi Q7 2016 Бампер передній хром;15400;Audi Q7 2016 Бампер передній;129
@ Audi Q7 2016 Бампер передній хром;15406;Audi Q7 2016 Губа бампера;37,94
@ Audi Q7 2016 Бампер передній хром;15411;Audi Q7 2016 Заглушка L;9,04
@ Audi Q7 2016 Бампер передній хром;15412;Audi Q7 2016 Заглушка R;9,04
@ Audi Q7 2016 Бампер передній хром;15408;Audi Q7 2016 Кріплення решітки радіатора;11,52
@ Audi Q7 2016 Бампер передній хром;15403;Audi Q7 2016 Накладка туманки L;24,78
@ Audi Q7 2016 Бампер передній хром;15404;Audi Q7 2016 Накладка туманки R;24,78
@ Audi Q7 2016 Бампер передній хром;15405;Audi Q7 2016 Нижня решітка;20,71
@ Audi Q7 2016 Бампер передній хром;15402;Audi Q7 2016 Решітка радіатора;167,71
@ Audi Q7 2016 Бампер передній хром;15409;Audi Q7 2016 Спойлер L;18,88
@ Audi Q7 2016 Бампер передній хром;15410;Audi Q7 2016 Спойлер R;18,88
@ Audi Q7 2020 Бампер передній хром;15413;Audi Q7 2020 Бампер передній;153
@ Audi Q7 2020 Бампер передній хром;15421;Audi Q7 2020 Губа бампера;60
@ Audi Q7 2020 Бампер передній хром;15416;Audi Q7 2020 Накладка бампера L;21
@ Audi Q7 2020 Бампер передній хром;15417;Audi Q7 2020 Накладка бампера R;21
@ Audi Q7 2020 Бампер передній хром;15422;Audi Q7 2020 Решітка бампера;37
@ Audi Q7 2020 Бампер передній хром;15414;Audi Q7 2020 Решітка радіатора;167,71
@ Audi Q7 2020 Бампер передній хром;15420;Audi Q7 2020 Хром бампера;54
@ Audi Q7 2020 Бампер передній хром;15418;Audi Q7 2020 Хром бампера L;21
@ Audi Q7 2020 Бампер передній хром;15419;Audi Q7 2020 Хром бампера R;21
@ Hyundai Santa fe 2022 Бампер передній;15387;Hyundai Santa fe 2022 Бампер передній;65
@ Hyundai Santa fe 2022 Бампер передній;15390;Hyundai Santa fe 2022 Губа бампера;53
@ Hyundai Santa fe 2022 Бампер передній;15395;Hyundai Santa fe 2022 Заглушка бампера ліва;5
@ Hyundai Santa fe 2022 Бампер передній;15396;Hyundai Santa fe 2022 Заглушка бампера права;5
@ Hyundai Santa fe 2022 Бампер передній;15388;Hyundai Santa fe 2022 Заглушка крюка;2
@ Hyundai Santa fe 2022 Бампер передній;15389;Hyundai Santa fe 2022 Решітка бампера;31
@ Hyundai Santa fe 2022 Бампер передній;15386;Hyundai Santa fe 2022 Решітка радіатора чорний хром;116
@ Hyundai Santa fe 2022 Бампер передній;15448;Hyundai Santa fe 2022 Хром верхній лівий;21
@ Hyundai Santa fe 2022 Бампер передній;15449;Hyundai Santa fe 2022 Хром верхній правий;21
@ Hyundai Santa fe 2022 Бампер передній;15391;Hyundai Santa fe 2022 Хром верхній центральний;32
@ Hyundai Santa fe 2022 Бампер передній;15393;Hyundai Santa fe 2022 Хром нижній лівий;31
@ Hyundai Santa fe 2022 Бампер передній;15394;Hyundai Santa fe 2022 Хром нижній правий;31
@ Hyundai Santa fe 2022 Бампер передній;15392;Hyundai Santa fe 2022 Хром нижній центральний;45
@ Hyundai Tucson 2022- Бампер передній;15495;Hyundai Tucson 2022- Бампер передній;61,26
@ Hyundai Tucson 2022- Бампер передній;15498;Hyundai Tucson 2022- Губа бампера;33,18
@ Hyundai Tucson 2022- Бампер передній;15497;Hyundai Tucson 2022- Накладка замка капота;9,05
@ Hyundai Tucson 2022- Бампер передній;15499;Hyundai Tucson 2022- Решітка бампера низ;24,24
@ Hyundai Tucson 2022- Бампер передній;15496;Hyundai Tucson 2022- Решітка радіатора;37,02
@ Kia Sorento 2021- Бампер передній в зборі;15508;Kia Sorento 2021- Арка бампера ліва;9,96
@ Kia Sorento 2021- Бампер передній в зборі;15509;Kia Sorento 2021- Арка бампера права;9,96
@ Kia Sorento 2021- Бампер передній в зборі;15504;Kia Sorento 2021- Бампер передній;65,09
@ Kia Sorento 2021- Бампер передній в зборі;15507;Kia Sorento 2021- Губа бампера;30,63
@ Kia Sorento 2021- Бампер передній в зборі;15506;Kia Sorento 2021- Решітка бампера;52,31
@ Kia Sorento 2021- Бампер передній в зборі;15505;Kia Sorento 2021- Решітка радіатора;75,37
@ Mazda CX-5 2022 Бампер передній хром;15174;Mazda CX-5 2022 Бампер передній;61,26
@ Mazda CX-5 2022 Бампер передній хром;15175;Mazda CX-5 2022 Губа переднього бампера;41,87
@ Mazda CX-5 2022 Бампер передній хром;15206;Mazda CX-5 2022 Заглушка крюка;1,94
@ Mazda CX-5 2022 Бампер передній хром;15170;Mazda CX-5 2022 Продовження капота;13,53
@ Mazda CX-5 2022 Бампер передній хром;15180;Mazda CX-5 2022 Хром решітки L;13,53
@ Mazda CX-5 2022 Бампер передній хром;15182;Mazda CX-5 2022 Хром решітки R;13,53
@ Mazda CX-5 2022 Бампер передній хром;15181;Mazda CX-5 2022 решітка радіатора;43,33
@ Mazda CX-5 2022 Бампер передній чорний;15174;Mazda CX-5 2022 Бампер передній;61,26
@ Mazda CX-5 2022 Бампер передній чорний;15175;Mazda CX-5 2022 Губа переднього бампера;41,87
@ Mazda CX-5 2022 Бампер передній чорний;15206;Mazda CX-5 2022 Заглушка крюка;1,94
@ Mazda CX-5 2022 Бампер передній чорний;15170;Mazda CX-5 2022 Продовження капота;13,53
@ Mazda CX-5 2022 Бампер передній чорний;15210;Mazda CX-5 2022 Накладка решітки чорна L;12,6
@ Mazda CX-5 2022 Бампер передній чорний;15211;Mazda CX-5 2022 Накладка решітки чорна R;12,6
@ Mazda CX-5 2022 Бампер передній чорний;15181;Mazda CX-5 2022 решітка радіатора;43,33
@ Nissan Rogue 2017 Бампер передній;15095;Nissan Rogue 2017 Бампер передній;43
@ Nissan Rogue 2017 Бампер передній;15101;Nissan Rogue 2017 Заглушка крюка;1,1
@ Nissan Rogue 2017 Бампер передній;15121;Nissan Rogue 2017 Комплект птф;22,07
@ Nissan Rogue 2017 Бампер передній;15097;Nissan Rogue 2017 Птічка подіум;8,34
@ Nissan Rogue 2017 Бампер передній;15100;Nissan Rogue 2017 Решітка нижня;5,08
@ Nissan Rogue 2017 Бампер передній;15197;Nissan Rogue 2017 Решітка під дістронік;36,37
@ Nissan Rogue 2017 Бампер передній;15098;Nissan Rogue 2017 Хром переднього бампера;7,04
@ Subaru Outback 2021 Бампер передній хром;15465;Subaru Outback 2021 Бампер передній;80,43
@ Subaru Outback 2021 Бампер передній хром;15468;Subaru Outback 2021 Заглушка бампера;3,06
@ Subaru Outback 2021 Бампер передній хром;15469;Subaru Outback 2021 Решітка бампера;15,07
@ Subaru Outback 2021 Бампер передній хром;15466;Subaru Outback 2021 Решітка радіатора хром;43,41
@ Subaru Outback 2021 Бампер передній хром;15470;Subaru Outback 2021 Туманка ліва;40,88
@ Subaru Outback 2021 Бампер передній хром;15471;Subaru Outback 2021 Туманка права;40,88
@ Subaru Outback 2021 Бампер передній чорний;15465;Subaru Outback 2021 Бампер передній;80,43
@ Subaru Outback 2021 Бампер передній чорний;15468;Subaru Outback 2021 Заглушка бампера;3,06
@ Subaru Outback 2021 Бампер передній чорний;15469;Subaru Outback 2021 Решітка бампера;15,07
@ Subaru Outback 2021 Бампер передній чорний;15467;Subaru Outback 2021 Решітка радіатора чорна;43,41
@ Subaru Outback 2021 Бампер передній чорний;15470;Subaru Outback 2021 Туманка ліва;40,88
@ Subaru Outback 2021 Бампер передній чорний;15471;Subaru Outback 2021 Туманка права;40,88
@ Volvo XC 60 2018 Бампер передній без кронштейнів туманок;15423;Volvo XC 60 2018 Бампер передній;62
@ Volvo XC 60 2018 Бампер передній без кронштейнів туманок;15424;Volvo XC 60 2018 Заглушка крюка;2
@ Volvo XC 60 2018 Бампер передній без кронштейнів туманок;15427;Volvo XC 60 2018 Заглушка омивача L;2
@ Volvo XC 60 2018 Бампер передній без кронштейнів туманок;15428;Volvo XC 60 2018 Заглушка омивача R;2
@ Volvo XC 60 2018 Бампер передній без кронштейнів туманок;15425;Volvo XC 60 2018 Кронштейн бампера L;6
@ Volvo XC 60 2018 Бампер передній без кронштейнів туманок;15426;Volvo XC 60 2018 Кронштейн бампера R;6
@ Volvo XC 60 2018 Бампер передній без кронштейнів туманок;15432;Volvo XC 60 2018 Накладка туманки L;8
@ Volvo XC 60 2018 Бампер передній без кронштейнів туманок;15433;Volvo XC 60 2018 Накладка туманки R;8
@ Volvo XC 60 2018 Бампер передній без кронштейнів туманок;15429;Volvo XC 60 2018 Нижня решітка;11
@ Volvo XC 60 2018 Бампер передній без кронштейнів туманок;15439;Volvo XC 60 2018 Решітка радіатора;77
@ Volvo XC 60 2018 Бампер передній без кронштейнів туманок;15437;Volvo XC 60 2018 Туманка L;19
@ Volvo XC 60 2018 Бампер передній без кронштейнів туманок;15438;Volvo XC 60 2018 Туманка R;19
@ Volvo XC 60 2018 Бампер передній без кронштейнів туманок;15434;Volvo XC 60 2018 Хром бампера L;4
@ Volvo XC 60 2018 Бампер передній без кронштейнів туманок;15435;Volvo XC 60 2018 Хром бампера R;4
@ Volvo XC 90 2020 Бампер передній;15514;Volvo XC 90 2020 Бампер передній;67,65
@ Volvo XC 90 2020 Бампер передній;15523;Volvo XC 90 2020 Губа бампера;53,64
@ Volvo XC 90 2020 Бампер передній;15524;Volvo XC 90 2020 Заглушка омивача L;1,51
@ Volvo XC 90 2020 Бампер передній;15525;Volvo XC 90 2020 Заглушка омивача R;1,51
@ Volvo XC 90 2020 Бампер передній;15520;Volvo XC 90 2020 Накладка туманки L;8,18
@ Volvo XC 90 2020 Бампер передній;15521;Volvo XC 90 2020 Накладка туманки R;8,18
@ Volvo XC 90 2020 Бампер передній;15522;Volvo XC 90 2020 Решітка низ;10,09
@ Volvo XC 90 2020 Бампер передній;15515;Volvo XC 90 2020 Решітка радіатора;53,64
@ Volvo XC 90 2020 Бампер передній;15516;Volvo XC 90 2020 Туманка L;19,04
@ Volvo XC 90 2020 Бампер передній;15517;Volvo XC 90 2020 Туманка R;19,04
@ Volvo XC 90 2020 Бампер передній;15518;Volvo XC 90 2020 Хром туманки L;8,18
@ Volvo XC 90 2020 Бампер передній;15519;Volvo XC 90 2020 Хром туманки R;8,18
@ VW Tiguan 2022 Бампер передній R-line;15478;VW Tiguan 2022 Бампер передній R-line;56,14
@ VW Tiguan 2022 Бампер передній R-line;15489;VW Tiguan 2022 Вставка низ ліва R-line;9,45
@ VW Tiguan 2022 Бампер передній R-line;15488;VW Tiguan 2022 Вставка низ права R-line;9,45
@ VW Tiguan 2022 Бампер передній R-line;15487;VW Tiguan 2022 Вставка низ центр R-line;8,18
@ VW Tiguan 2022 Бампер передній R-line;15483;VW Tiguan 2022 Вставка хром ліва R-line;9,45
@ VW Tiguan 2022 Бампер передній R-line;15482;VW Tiguan 2022 Вставка хром права R-line;9,45
@ VW Tiguan 2022 Бампер передній R-line;15484;VW Tiguan 2022 Заглушка бампера R-line;3,7
@ VW Tiguan 2022 Бампер передній R-line;15481;VW Tiguan 2022 Накладка ліва чорна R-line;9,45
@ VW Tiguan 2022 Бампер передній R-line;15480;VW Tiguan 2022 Накладка права чорна R-line;9,45
@ VW Tiguan 2022 Бампер передній R-line;15479;VW Tiguan 2022 Решітка бампера низ R-line;67,65
@ VW Tiguan 2022 Бампер передній R-line;15490;VW Tiguan 2022 Решітка радіатора хром;47,03
@ VW Tiguan 2022 Бампер передній R-line;15485;VW Tiguan 2022 Хром решітки низ R-line;13,16
@ Mitsubishi Outlander 2020 Бампер передній;15123;Mitsubishi Outlander 2016 Бампер передній;69
@ Mitsubishi Outlander 2020 Бампер передній;15136;Mitsubishi Outlander 2016 Хром верхній лівий;5
@ Mitsubishi Outlander 2020 Бампер передній;15137;Mitsubishi Outlander 2016 Хром верхній правий;5
@ Mitsubishi Outlander 2020 Бампер передній;15128;Mitsubishi Outlander 2016 Хром нижній лівий;8
@ Mitsubishi Outlander 2020 Бампер передній;15129;Mitsubishi Outlander 2016 Хром нижній правий;8
@ Mitsubishi Outlander 2020 Бампер передній;15126;Mitsubishi Outlander 2016 Хром середній лівий;10
@ Mitsubishi Outlander 2020 Бампер передній;15127;Mitsubishi Outlander 2016 хром середній правий;10
@ Mitsubishi Outlander 2020 Бампер передній;15270;Mitsubishi Outlander 2020 Губа нижня перед. бампера 2020;49
@ Mitsubishi Outlander 2020 Бампер передній;15275;Mitsubishi Outlander 2020 Накладка птф лів 2020;6
@ Mitsubishi Outlander 2020 Бампер передній;15276;Mitsubishi Outlander 2020 Накладка птф права 2020;6
@ Mitsubishi Outlander 2020 Бампер передній;15272;Mitsubishi Outlander 2020 Решітка радіатора 2020;44
@ Mitsubishi Outlander 2020 Бампер передній;15271;Mitsubishi Outlander 2020 Центральна накладка 2020;41
