Артикул,Назва,Рівне,Юбік,База,Ціна,ОЕ
15545.0,Aud A4 2019 Бампер передній,5.0, ,,98.0,
15550.0,Aud A4 2019 Губа бампера,5.0, ,,27.0,
15551.0,Aud A4 2019 Захист бампера,5.0, ,,23.0,
15548.0,Aud A4 2019 Накладка туманки ліва compet.,5.0, ,,18.0,
15549.0,Aud A4 2019 Накладка туманки права compet.,5.0, ,,18.0,
15547.0,Aud A4 2019 Решітка бампера,5.0, ,,18.0,
15546.0,Aud A4 2019 Решітка радіатора,5.0, ,,105.0,
15331.0,Audi A3 2017 Фара ліва ксенон,8.0, ,,173.0,
15332.0,Audi A3 2017 Фара права ксенон,8.0, ,,173.0,
15501.0,Audi A3 2022 Бампер передній в зборі s-line,9.0, ,,258.07,
15502.0,Audi A3 2022 Решітка радіатора чорна під радар,9.0, ,,106.0,
15369.0,Audi A3 2022 Фара L,15.0, ,,163.52,
15370.0,Audi A3 2022 Фара R,15.0, ,,163.52,
15223.0,Audi A4 2017 Бампер передній S-line,23.0, ,,94.0,
15230.0,Audi A4 2017 Дифузор 2.0,15.0, ,,144.35,
15229.0,Audi A4 2017 Заглушка бампера,4.0, ,,2.88,
15228.0,Audi A4 2017 Захист бампера S-line,14.0, ,,17.0,
15287.0,Audi A4 2017 Накладка туманки S-line глуха L,9.0, ,,22.0,
15288.0,Audi A4 2017 Накладка туманки S-line глуха R,9.0, ,,22.0,
15232.0,Audi A4 2017 Накладка туманки Sport L,17.0, ,,25.0,
15233.0,Audi A4 2017 Накладка туманки Sport R,19.0, ,,25.0,
15225.0,Audi A4 2017 Накладка туманки комплект,5.0, ,,51.83,
15440.0,Audi A4 2017 Накладка туманки чорна L,5.0, ,,12.0,
15441.0,Audi A4 2017 Накладка туманки чорна R,5.0, ,,12.0,
15227.0,Audi A4 2017 Решітка бампера S-line,24.0, ,,11.0,
15224.0,Audi A4 2017 Решітка радіатора S-line,15.0, ,,111.0,
15231.0,Audi A4 2017 Решітка радіатора S4 BLACK,25.0, ,,124.0,
15289.0,Audi A4 2017 Решітка рідіатора S4 BLACK,12.0, ,,127.0,
15221.0,Audi A4 2017 Фара ліва Xenon,12.0, ,,130.0,
15213.0,Audi A4 2017 Фара ліва лед з блоком,20.0, ,,182.0,
15222.0,Audi A4 2017 Фара права Xenon,12.0, ,,140.0,
15214.0,Audi A4 2017 Фара права лед з блоком,20.0, ,,182.0,
15291.0,Audi A4 2021 Бампер передній,22.0, ,,60.0,
15365.0,Audi A4 2021 Губа бампера,20.0, ,,7.0,
15295.0,Audi A4 2021 Захист бампера,14.0, ,,16.0,
15297.0,Audi A4 2021 Кріплення решітки,24.0, ,,11.0,
15292.0,Audi A4 2021 Накладка бампера L,24.0, ,,16.0,
15293.0,Audi A4 2021 Накладка бампера R,24.0, ,,16.0,
15294.0,Audi A4 2021 Нижня решітка,23.0, ,,11.0,
15360.0,Audi A4 2021 Решітка радіатора чорна,29.0, ,,147.0,
15361.0,Audi A4 2021 Спойлер бампера,23.0, ,,16.0,
15234.0,Audi A4 2021 Фара LED L,10.0, ,,241.0,
15235.0,Audi A4 2021 Фара LED R,11.0, ,,241.0,
15333.0,Audi A4 B8 2014 Фара ліва,14.0, ,,140.0,
15334.0,Audi A4 B8 2014 Фара права,14.0, ,,140.0,
15456.0,Audi A5 2020 Фара ліва,8.0, ,,383.0,
15457.0,Audi A5 2020 Фара права,8.0, ,,383.0,
15318.0,Audi A6 C7 2016 Фара L,13.0, ,,168.0,
15319.0,Audi A6 C7 2016 Фара R,13.0, ,,168.0,
15371.0,Audi A6 C8 2019 Фара L європа,11.0, ,,179.0,
15372.0,Audi A6 C8 2019 Фара R європа,11.0, ,,179.0,
15378.0,Audi A7 2019 Фара L,6.0, ,,418.0,
15379.0,Audi A7 2019 Фара R,6.0, ,,418.0,
15309.0,Audi Q3 2017 Бампер передній,27.0, ,,80.43,
15312.0,Audi Q3 2017 Губа бампера,27.0, ,,21.6,
15314.0,Audi Q3 2017 Захист бампера,20.0, ,,26.71,
15310.0,Audi Q3 2017 Накладка туманки L,27.0, ,,12.01,
15311.0,Audi Q3 2017 Накладка туманки R,26.0, ,,12.01,
15315.0,Audi Q3 2017 Решітка нижня,27.0, ,,30.55,
15308.0,Audi Q3 2017 Решітка радіатора,19.0, ,,80.43,
15313.0,Audi Q3 2017 Спойлер бампера,27.0, ,,25.43,
15306.0,Audi Q3 2017 Фара L,16.0, ,,166.0,
15307.0,Audi Q3 2017 Фара R,16.0, ,,166.0,
15368.0,Audi Q3 2021 Решітка радіатора,7.0, ,,124.66,
15241.0,Audi Q5 2012 Бампер передній,9.0, ,,56.0,
15244.0,Audi Q5 2012 Губа переднього бампера,7.0, ,,15.0,
15245.0,Audi Q5 2012 Кріплення решітки радіатора,9.0, ,,11.0,
15242.0,Audi Q5 2012 Накладка туманки L,4.0, ,,22.0,
15243.0,Audi Q5 2012 Накладка туманки R,5.0, ,,22.0,
15298.0,Audi Q5 2012 Решітка радіатора,2.0, ,,73.0,
15445.0,Audi Q5 2012 Решітка радіатора Black,13.0, ,,94.0,
15238.0,Audi Q5 2012 Решітка радіатора S-line,7.0, ,,118.0,
15239.0,Audi Q5 2012 Фара L,15.0, ,,150.0,
15240.0,Audi Q5 2012 Фара R,15.0, ,,150.0,
15341.0,Audi Q5 2019 Бампер передній L,10.0, ,,37.0,
15342.0,Audi Q5 2019 Бампер передній R,10.0, ,,37.0,
15256.0,Audi Q5 2019 Бампер передній S-line L,12.0, ,,37.0,
15257.0,Audi Q5 2019 Бампер передній S-line R,12.0, ,,37.0,
15529.0,Audi Q5 2019 Губа переднього бампера,8.0, ,,55.0,
15261.0,Audi Q5 2019 Губа переднього бампера S-line,12.0, ,,57.0,
15348.0,Audi Q5 2019 Заглушка накладки L,5.0, ,,6.0,
15349.0,Audi Q5 2019 Заглушка накладки R,5.0, ,,6.0,
15343.0,Audi Q5 2019 Захист бампера,10.0, ,,24.24,
15260.0,Audi Q5 2019 Захист бампера S-line,21.0, ,,23.1,
15338.0,Audi Q5 2019 Кріплення решітки радіатора,15.0, ,,15.0,
15339.0,Audi Q5 2019 Накладка туманки L,9.0, ,,18.0,
15320.0,Audi Q5 2019 Накладка туманки L під радар,10.0, ,,45.1,
15340.0,Audi Q5 2019 Накладка туманки R,9.0, ,,18.0,
15321.0,Audi Q5 2019 Накладка туманки R під радар,10.0, ,,45.1,
15254.0,Audi Q5 2019 Накладка туманки S-line L,14.0, ,,18.0,
15255.0,Audi Q5 2019 Накладка туманки S-line R,16.0, ,,18.0,
15264.0,Audi Q5 2019 Планка бампера низ,28.0, ,,13.0,
15326.0,Audi Q5 2019 Планка бампера низ S-line,7.0, ,,13.0,
15346.0,Audi Q5 2019 Решітка бампера,10.0, ,,9.0,
15263.0,Audi Q5 2019 Решітка бампера S-line,12.0, ,,32.0,
15252.0,Audi Q5 2019 Решітка радіатора,7.0, ,,107.0,
15442.0,Audi Q5 2019 Решітка радіатора Black,4.0, ,,129.0,
15253.0,Audi Q5 2019 Решітка радіатора S-line,5.0, ,,154.81,
15344.0,Audi Q5 2019 Спойлер переднього бампера,9.0, ,,37.0,
15262.0,Audi Q5 2019 Телевізор,8.0, ,,70.0,
15376.0,Audi Q5 2019 Фара Xenon L,1.0, ,,246.0,
15377.0,Audi Q5 2019 Фара Xenon R,1.0, ,,246.0,
15352.0,Audi Q5 2020 Бампер передній,21.0, ,,105.0,
15357.0,Audi Q5 2020 Захист бампера,11.0, ,,36.0,
15454.0,Audi Q5 2020 Накладка туманки L чорна,20.0, ,,24.0,
15455.0,Audi Q5 2020 Накладка туманки R чорна,22.0, ,,24.0,
15353.0,Audi Q5 2020 Решітка бампера,21.0, ,,15.0,
15328.0,Audi Q5 2020 Решітка радіатора,7.0, ,,131.14,
15453.0,Audi Q5 2020 Решітка радіатора чорна,26.0, ,,134.0,
15355.0,Audi Q5 2020 Спойлер L,20.0, ,,11.0,
15356.0,Audi Q5 2020 Спойлер R,22.0, ,,11.0,
15354.0,Audi Q5 2020 Спойлер переднього бампера,22.0, ,,31.0,
15350.0,Audi Q5 2020 Фара Full LED L,19.0, ,,245.0,
15351.0,Audi Q5 2020 Фара Full LED R,16.0, ,,245.0,
15461.0,"Audi Q5 2020 Фара Full LED R (Уцінка, лінза)",1.0, ,,,
14321.0,Audi Q7 2010 противотуманка левая,1.0, ,,13.61,4L0941699A
15411.0,Audi Q7 2016 Заглушка L,5.0, ,,9.04,
15412.0,Audi Q7 2016 Заглушка R,5.0, ,,9.04,
15403.0,Audi Q7 2016 Накладка туманки L,2.0, ,,24.78,
15404.0,Audi Q7 2016 Накладка туманки R,2.0, ,,24.78,
15401.0,Audi Q7 2016 Решітка радіатора чорна,18.0, ,,163.0,
15413.0,Audi Q7 2020 Бампер передній,1.0, ,,153.0,
15421.0,Audi Q7 2020 Губа бампера,1.0, ,,60.0,
15538.0,Audi Q7 2020 Захист бампера,5.0, ,,28.0,
15416.0,Audi Q7 2020 Накладка бампера L,1.0, ,,21.0,
15417.0,Audi Q7 2020 Накладка бампера R,1.0, ,,21.0,
15422.0,Audi Q7 2020 Решітка бампера,1.0, ,,37.0,
15415.0,Audi Q7 2020 Решітка радіатора чорна,24.0, ,,141.0,
15420.0,Audi Q7 2020 Хром бампера,11.0, ,,54.0,
15418.0,Audi Q7 2020 Хром бампера L,1.0, ,,21.0,
15419.0,Audi Q7 2020 Хром бампера R,1.0, ,,21.0,
15571.0,Audi q5 2020 sportback Бампер передній в зборі,5.0, ,,400.0,
15462.0,"BMW 3 2019 Фара Full LED Eur L (Уцінка, не працює дальнє)",1.0, ,,,
15247.0,BMW 3 2019 Фара Full LED Eur R,1.0, ,,298.52,
15335.0,BMW 3 g20 Комплект ліхтарів,10.0, ,,189.0,
15305.0,BMW X3 G01 Бампер передній в зборі,3.0, ,,220.0,
15304.0,BMW X3 G01 Кріплення решітки,12.0, ,,55.0,
15303.0,BMW X3 G01 Решітка радіатора,3.0, ,,49.0,
15301.0,BMW X3 G01 Фара L,7.0, ,,344.0,
15302.0,BMW X3 G01 Фара R,7.0, ,,344.0,
15382.0,BMW X5 G05 Фара ліва,5.0, ,,254.0,
15383.0,BMW X5 G05 Фара права,5.0, ,,254.0,
14863.0,Dodge Journey 2014 Бампер передний нижняя часть,1.0, ,,54.0,68088688AB
14864.0,Dodge Journey 2014 Губа переднего бампера SILVER,11.0, ,,28.0,55001049AA
14870.0,Dodge Journey 2014 Накладка туманки левая,1.0, ,,6.0,68088687AB
14871.0,Dodge Journey 2014 Накладка туманки правая,6.0, ,,6.0,68088686AB
14872.0,Dodge Journey 2014 Противотуманка левая,4.0, ,,16.0,5182026AA
14874.0,Dodge Journey 2014 Расширительный бачок,7.0, ,,18.0,5058455AD
14876.0,Dodge Journey 2014 Решетка переднего бампера Crossroad,2.0, ,,59.0,5NB56TZZAA
14877.0,Dodge Journey 2014 Решетка переднего бампера хром,10.0, ,,59.0,1SU84SZ0AC
14839.0,Dodge Journey 2014 Усилитель переднего бампера,1.0, ,,112.0,5116280AD
14879.0,Dodge Journey 2014 Фара левая USA белая,11.0, ,,71.0,5116289AB
14880.0,Dodge Journey 2014 Фара правая USA BLACK,1.0, ,,71.0,68200084AC
14881.0,Dodge Journey 2014 Фара правая USA белая,6.0, ,,71.0,5116288AD
14882.0,Dodge Journey 2014 Фонарь BLACK,6.0, ,,71.0,
14883.0,Dodge Journey 2014 Фонарь крышки багажника левый,3.0, ,,52.0,68078517AE
14884.0,Dodge Journey 2014 Фонарь крышки багажника правый,1.0, ,,52.0,68078517AE
15329.0,Ford Edge 2020 Бампер передній,5.0, ,,347.29,
15217.0,Ford Edge 2020 Фара ліва з дхо,3.0, ,,194.0,
15218.0,Ford Edge 2020 Фара права з дхо,3.0, ,,194.0,
15443.0,Ford Escape 2021 Фара ліва,16.0, ,,234.0,
15444.0,Ford Escape 2021 Фара права,16.0, ,,234.0,
13607.0,Honda Accord 2018 Бампер передний,2.0, ,,28.0,04711TVAA00ZZ
14820.0,Honda Accord 2018 Фонарь крышки багажника левый,3.0, ,,89.0,34155-TVA-A01
14821.0,Honda Accord 2018 Фонарь крышки багажника правый,4.0, ,,89.0,34150-TVA-A01
14818.0,Honda Accord 2018 Фонарь левый,1.0, ,,111.0,33550TVAA01
14819.0,Honda Accord 2018 Фонарь правый,3.0, ,,111.0,33500TVAA01
14169.0,Honda Accord 2018 накладка туманки левая,10.0, ,,4.0,71107-TVA-A10
14170.0,Honda Accord 2018 накладка туманки правая,7.0, ,,4.0,71102-TVA-A10
14168.0,Honda Accord 2018 противотуманка правая,12.0, ,,37.0,33900TVAA01
13609.0,Honda Accord 2018 хром молдинг решетки радиатора центральный,10.0, ,,24.0,71122TVAA11
15572.0,Honda CRV 2023 Фара ліва,4.0, ,,195.0,
15573.0,Honda CRV 2023 Фара права,4.0, ,,195.0,
14809.0,Honda HR-V 2019 Усилитель передний,5.0, ,,26.0,71130-T7W-A00ZZ
14755.0,Honda HR-V 2019 бампер задний,14.0, ,,41.0,
14759.0,Honda HR-V 2019 бачок омывателя,2.0, ,,11.0,76841T7WA11
14887.0,Honda HR-V 2019 кронштейн туманки L,4.0, ,,2.2,
14888.0,Honda HR-V 2019 кронштейн туманки R,4.0, ,,2.2,
14765.0,Honda HR-V 2019 кронштейн фары левый,1.0, ,,4.0,
14750.0,Honda HR-V 2019 молдинг фары левый,4.0, ,,6.0,71168T7AJ51
14751.0,Honda HR-V 2019 молдинг фары правый,3.0, ,,6.0,
14756.0,Honda HR-V 2019 накладка туманки левая,2.0, ,,5.0,71106T7AJ20
14757.0,Honda HR-V 2019 накладка туманки правая,2.0, ,,5.0,71105T7AJ20
14739.0,Honda HR-V 2019 противотуманка левая,2.0, ,,38.0,
14738.0,Honda HR-V 2019 противотуманка правая,3.0, ,,38.0,
14705.0,Honda HR-V 2019 фара передняя левая Full Led,2.0, ,,445.0,33150T7AG51
14704.0,Honda HR-V 2019 фара передняя правая Full Led,2.0, ,,445.0,33100T7AG51
15281.0,Hyundai Ioniq капот,11.0, ,,253.01,
15387.0,Hyundai Santa fe 2022 Бампер передній,25.0, ,,64.0,
15544.0,Hyundai Santa fe 2022 Відбивач L,15.0, ,,29.0,
15543.0,Hyundai Santa fe 2022 Відбивач R,15.0, ,,29.0,
15390.0,Hyundai Santa fe 2022 Губа бампера,25.0, ,,52.0,
15395.0,Hyundai Santa fe 2022 Заглушка бампера ліва,25.0, ,,4.0,
15396.0,Hyundai Santa fe 2022 Заглушка бампера права,25.0, ,,4.0,
15388.0,Hyundai Santa fe 2022 Заглушка крюка,25.0, ,,2.0,
15389.0,Hyundai Santa fe 2022 Решітка бампера,25.0, ,,30.0,
15386.0,Hyundai Santa fe 2022 Решітка радіатора чорний хром,26.0, ,,118.0,
15399.0,Hyundai Santa fe 2022 Телевізор,24.0, ,,105.0,
15397.0,Hyundai Santa fe 2022 Фара ліва америка,16.0, ,,318.0,
15398.0,Hyundai Santa fe 2022 Фара права америка,16.0, ,,318.0,
15448.0,Hyundai Santa fe 2022 Хром верхній лівий,25.0, ,,20.0,
15449.0,Hyundai Santa fe 2022 Хром верхній правий,25.0, ,,20.0,
15391.0,Hyundai Santa fe 2022 Хром верхній центральний,25.0, ,,31.0,
15393.0,Hyundai Santa fe 2022 Хром нижній лівий,25.0, ,,31.0,
15394.0,Hyundai Santa fe 2022 Хром нижній правий,25.0, ,,31.0,
15392.0,Hyundai Santa fe 2022 Хром нижній центральний,25.0, ,,44.0,
14405.0,Hyundai Sonata 2018 LIMITED капот,1.0, ,,127.0,66400C2500
14317.0,Hyundai Sonata 2018 LIMITED противотуманка левая,2.0, ,,6.0,
14316.0,Hyundai Sonata 2018 LIMITED противотуманка правая,3.0, ,,6.0,
14253.0,Hyundai Sonata 2018 LIMITED решетка бампера,1.0, ,,9.0,86561C2AA0
14492.0,Hyundai Sonata 2018 фара левая,1.0, ,,91.0,92101C2000
14545.0,Hyundai Sonata 2018 фонарь внутренний левый,4.0, ,,57.0,
14546.0,Hyundai Sonata 2018 фонарь внутренний правый,4.0, ,,57.0,
14543.0,Hyundai Sonata 2018 фонарь наружный левый,3.0, ,,72.0,92401-C2000
14544.0,Hyundai Sonata 2018 фонарь наружный правый,2.0, ,,72.0,92402-C2000
15495.0,Hyundai Tucson 2022- Бампер передній,10.0, ,,60.0,
15493.0,Hyundai Tucson 2022- ДХО ліве USA,17.0, ,,114.0,
15494.0,Hyundai Tucson 2022- ДХО праве USA,14.0, ,,114.0,
15500.0,Hyundai Tucson 2022- Решітка ДХО ліва USA,10.0, ,,22.74,
15496.0,Hyundai Tucson 2022- Решітка радіатора,7.0, ,,36.0,
15574.0,Hyundai Tucson 2022- Решітка радіатора під камеру,9.0, ,,40.0,
15575.0,Hyundai Tucson 2022- Телевізор,7.0, ,,98.0,
15576.0,Hyundai Tucson 2022- Фара ліва,5.0, ,,98.0,
15491.0,Hyundai Tucson 2022- Фара ліва 4 лінзи USA,17.0, ,,165.0,
15577.0,Hyundai Tucson 2022- Фара права,6.0, ,,98.0,
15492.0,Hyundai Tucson 2022- Фара права 4 лінзи USA,16.0, ,,165.0,
15446.0,Jeep Cherokee 2019 Фара L,1.0, ,,155.0,
15447.0,Jeep Cherokee 2019 Фара R,1.0, ,,155.0,
15531.0,Kia Niro 2018 Капот (Дефект),1.0, ,,0.01,
15282.0,Kia Niro 2018 капот,10.0, ,,233.0,
15530.0,Kia Niro 2022 Капот,16.0, ,,245.0,
14300.0,Kia Optima K5 2016-2018 фара передняя правая,3.0, ,,110.0,92102-D4140
14296.0,Kia Optima K5 2018-2020 решетка радиатора,4.0, ,,39.93,86350D5500
14303.0,Kia Optima K5 2018-2020 фонарь задний внутренний левый,5.0, ,,28.83,92404-D4230
14304.0,Kia Optima K5 2018-2020 фонарь задний внутренний правый,9.0, ,,28.83,92403-D4230
15508.0,Kia Sorento 2021- Арка бампера ліва,8.0, ,,9.96,
15509.0,Kia Sorento 2021- Арка бампера права,8.0, ,,9.96,
15504.0,Kia Sorento 2021- Бампер передній,8.0, ,,65.09,
15507.0,Kia Sorento 2021- Губа бампера,8.0, ,,30.63,
15503.0,Kia Sorento 2021- Капот,8.0, ,,137.96,
15506.0,Kia Sorento 2021- Решітка бампера,8.0, ,,52.31,
15505.0,Kia Sorento 2021- Решітка радіатора,8.0, ,,75.37,
14542.0,Lexus ES 2016 Диффузор с вентиляторами 3.5,1.0, ,,63.0,167110p200
14103.0,Lexus NX 2018- фара левая,2.0, ,,230.0,8118578180
14548.0,Lexus RX 270 2013 бампер комплектный 2020 Style,1.0, ,,750.0,
13824.0,Lexus RX 350/470 2016- Капот,3.0, ,,305.77,
13827.0,Lexus RX 350/470 2016- Усилитель шина переднего бампера,2.0, ,,83.6,52021-0E080
14567.0,Mazda 3 2017 Бампер задний,17.0, ,,50.0,BHN150221ABB
13844.0,Mazda 3 2017 Накладка планка решетки радиатора верх,10.0, ,,13.0,B63B-50-033A-27
14707.0,Mazda 3 2017 диффузор с вентиляторами 2.0 AT,2.0, ,,65.0,
14723.0,Mazda 3 2017 задняя панель,2.0, ,,71.0,B4YA7075Z
14575.0,Mazda 3 2017 отражатель катафот заднего бампера L,15.0, ,,3.5,D350515M0E
14576.0,Mazda 3 2017 отражатель катафот заднего бампера R,15.0, ,,3.5,D350515L0E
14205.0,Mazda 3 2017 поворотник левый,14.0, ,,12.0,B63C51360A
14208.0,Mazda 3 2017 противотуманка правая,5.0, ,,21.0,B63B51680A
14715.0,Mazda 3 2017- радиатор кондиционера 2.0 AT,1.0, ,,67.0,"GHR161480B, BJS86148"
14714.0,Mazda 3 2017- радиатор основной 2.0 AT,4.0, ,,71.0,PE181520YA
15268.0,Mazda 3 2020 Ліхтар L,17.0, ,,91.0,
15269.0,Mazda 3 2020 Ліхтар R,14.0, ,,91.0,
15536.0,Mazda 3 2020 Ліхтар в кришку L,9.0, ,,47.0,
15537.0,Mazda 3 2020 Ліхтар в кришку R,9.0, ,,47.0,
14560.0,Mazda 3 2020 Фонарь задний внутренний левый,3.0, ,,46.0,
14561.0,Mazda 3 2020 Фонарь задний внутренний правый,3.0, ,,46.0,
14021.0,Mazda 3 2020 бампер задний,2.0, ,,51.0,BCKA50221ABB
14724.0,Mazda 3 2020 задняя панель,9.0, ,,71.0,BDYP7075Z
14025.0,Mazda 3 2020 крышка багажника,6.0, ,,151.0,
14581.0,Mazda 3 2020 отражатель катафот заднего бампера L,16.0, ,,5.0,
14582.0,Mazda 3 2020 отражатель катафот заднего бампера R,11.0, ,,5.0,
14593.0,Mazda 3 2020 усилитель шина заднего бампера,10.0, ,,67.0,
13852.0,Mazda 6 2017 Бампер задний,1.0, ,,81.0,GJR950221ABB
15149.0,Mazda 6 2017 Дифузор,27.0, ,,92.0,
14721.0,Mazda 6 2017 Крышка багажника,7.0, ,,142.0,
13860.0,Mazda 6 2017 Накладка панели замка капота,5.0, ,,142.0,GHP950717D
14716.0,Mazda 6 2017- радиатор основной 2.0 AT,9.0, ,,71.0,
15146.0,Mazda CX-5 2013 Бампер передній,2.0, ,,51.0,
14783.0,Mazda CX-5 2013-2016 Бампер задний,1.0, ,,51.0,KDY7-50-22XD-9U
14769.0,Mazda CX-5 2013-2016 Зеркало правое,2.0, ,,75.0,KD5369121E
14805.0,Mazda CX-5 2013-2016 Капот,1.0, ,,110.0,KDY3-52-31XA
14780.0,Mazda CX-5 2013-2016 Панель замка капота,6.0, ,,27.0,KD53-53-150D
14788.0,Mazda CX-5 2013-2016 Расширитель крыла передний левый,7.0, ,,10.0,KD5351W30C
14808.0,Mazda CX-5 2013-2016 Усилитель задний,2.0, ,,40.0,KD3550260D
14746.0,Mazda CX-5 2013-2016 Фонарь крышки багажника левый USA,1.0, ,,22.0,KD53513G0E
14747.0,Mazda CX-5 2013-2016 Фонарь крышки багажника правый USA,4.0, ,,22.0,KD53513F0E
14801.0,Mazda CX-5 2013-2016 накладка туманки правая,10.0, ,,15.0,FP4421914
14800.0,Mazda CX-5 2013-2016 противотуманка левая,13.0, ,,11.0,"TK21-51-690A , TK21-"
14921.0,Mazda CX-5 2013-2016 противотуманка правая,15.0, ,,11.0,
14796.0,Mazda CX-5 2013-2016 туманка задняя левая,5.0, ,,11.0,KD31515M0
14797.0,Mazda CX-5 2013-2016 туманка задняя правая,5.0, ,,11.0,KD7751650A
15164.0,Mazda CX-5 2017 Арка передня права,1.0, ,,23.0,
15168.0,Mazda CX-5 2017 Кронштейн туманки лівий,3.0, ,,5.5,
15169.0,Mazda CX-5 2017 Кронштейн туманки правий,3.0, ,,5.5,
15162.0,Mazda CX-5 2017 Накладка замка капота,9.0, ,,10.0,
15167.0,Mazda CX-5 2017 Накладка туманки R,1.0, ,,5.5,
15165.0,Mazda CX-5 2017 Продовження капота,9.0, ,,9.0,
15151.0,Mazda CX-5 2017 Підсилювач передній,10.0, ,,36.0,
15161.0,Mazda CX-5 2017 Сабля,13.0, ,,20.0,
15279.0,Mazda CX-5 2017 Туманка L,6.0, ,,13.0,
15220.0,Mazda CX-5 2017 Хром решітки R,1.0, ,,16.0,
13874.0,Mazda CX-5 2017- Рамка крепление противотуманки L,5.0, ,,5.0,KD5K-51684-PP-GF33
13875.0,Mazda CX-5 2017- Рамка крепление противотуманки R,1.0, ,,5.0,KD5K-51684-PP-GF35
15178.0,Mazda CX-5 2022 Арка передня ліва,3.0, ,,13.0,
15179.0,Mazda CX-5 2022 Арка передня права,1.0, ,,13.0,
15174.0,Mazda CX-5 2022 Бампер передній,24.0, ,,61.26,
15175.0,Mazda CX-5 2022 Губа переднього бампера,21.0, ,,41.87,
15364.0,Mazda CX-5 2022 Емблема під дістронік,3.0, ,,22.03,
15206.0,Mazda CX-5 2022 Заглушка крюка,16.0, ,,1.94,
15212.0,Mazda CX-5 2022 Капот,2.0, ,,142.0,
15285.0,Mazda CX-5 2022 Ліхтар в кришку L,16.0, ,,46.54,
15286.0,Mazda CX-5 2022 Ліхтар в кришку R,11.0, ,,46.54,
15183.0,Mazda CX-5 2022 Ліхтар задній зовнішній USA L,3.0, ,,77.9,
15184.0,Mazda CX-5 2022 Ліхтар задній зовнішній USA R,5.0, ,,77.9,
15210.0,Mazda CX-5 2022 Накладка решітки чорна L,26.0, ,,12.6,
15211.0,Mazda CX-5 2022 Накладка решітки чорна R,27.0, ,,12.6,
15170.0,Mazda CX-5 2022 Продовження капота,24.0, ,,13.53,
15280.0,Mazda CX-5 2022 Підсилювач передній,7.0, ,,31.53,
15459.0,Mazda CX-5 2022 Фара ліва Full Led EU,5.0, ,,115.0,
15208.0,Mazda CX-5 2022 Фара ліва фул лед,5.0, ,,125.17,
15176.0,Mazda CX-5 2022 Фара ліва фул лед ДХО,4.0, ,,178.0,
15460.0,Mazda CX-5 2022 Фара права Full Led EU,5.0, ,,116.0,
15209.0,Mazda CX-5 2022 Фара права фул лед,5.0, ,,125.17,
15177.0,Mazda CX-5 2022 Фара права фул лед ДХО,5.0, ,,177.0,
15180.0,Mazda CX-5 2022 Хром решітки L,20.0, ,,13.53,
15182.0,Mazda CX-5 2022 Хром решітки R,16.0, ,,13.53,
15181.0,Mazda CX-5 2022 решітка радіатора,22.0, ,,43.33,
15362.0,Mazda CX-50 2023 Фара L,2.0, ,,161.34,
15363.0,Mazda CX-50 2023 Фара R,2.0, ,,161.34,
15251.0,Mazda CX-9 2018 Підсилювач переднього бампера,1.0, ,,83.0,
15248.0,Mazda CX-9 2018 Фара L,2.0, ,,133.0,
15249.0,Mazda CX-9 2018 Фара R,2.0, ,,133.0,
13806.0,Mitsubishi ASX 2016- Фара передняя левая галоген,1.0, ,,75.24,8301C223
13804.0,Mitsubishi ASX 2016- Фара передняя левая ксенон,1.0, ,,124.23,8301C215
14342.0,Mitsubishi ASX 2016- противотуманка левая = правая,2.0, ,,15.52,
14891.0,Mitsubishi Eclipse 2018 Бампер задний,4.0, ,,50.0,6410F379
14894.0,Mitsubishi Eclipse 2018 Бачок омывателя,11.0, ,,19.0,8260A450
14895.0,Mitsubishi Eclipse 2018 Защита переднего бампера,18.0, ,,33.0,5379A713
14898.0,Mitsubishi Eclipse 2018 Кронштейн переднего бампера L,13.0, ,,4.0,6400G659
14899.0,Mitsubishi Eclipse 2018 Кронштейн переднего бампера R,6.0, ,,4.0,6400G660
14900.0,Mitsubishi Eclipse 2018 Кронштейн туманки L,11.0, ,,5.0,6400H655
14901.0,Mitsubishi Eclipse 2018 Кронштейн туманки R,13.0, ,,5.0,6400H656
14903.0,Mitsubishi Eclipse 2018 Накладка панели замка капота,14.0, ,,19.0,7450B049
14904.0,Mitsubishi Eclipse 2018 Подкрылок L,15.0, ,,12.0,5370B803
14905.0,Mitsubishi Eclipse 2018 Подкрылок R,6.0, ,,12.0,5370B804
14906.0,Mitsubishi Eclipse 2018 Противотуманка левая,6.0, ,,20.0,8315A031
14908.0,Mitsubishi Eclipse 2018 Решетка радиатора,2.0, ,,61.0,7450B048
14846.0,Mitsubishi Eclipse 2018 Усилитель переднего бампера,12.0, ,,62.0,6400H351
14911.0,Mitsubishi Eclipse 2018 Фонарь заднего бампера L,3.0, ,,12.0,8336A159
14912.0,Mitsubishi Eclipse 2018 Фонарь заднего бампера R,2.0, ,,12.0,8336A160
14913.0,Mitsubishi Eclipse 2018 Фонарь левый,7.0, ,,93.0,8330B013
14914.0,Mitsubishi Eclipse 2018 Фонарь правый,9.0, ,,93.0,8330B014
14915.0,Mitsubishi Eclipse 2018 Хром переднего бампера верх L,1.0, ,,15.0,6407A245
14917.0,Mitsubishi Eclipse 2018 Хром переднего бампера низ L,2.0, ,,11.0,6407A247
15123.0,Mitsubishi Outlander 2016 Бампер передній,10.0, ,,69.0,
15143.0,Mitsubishi Outlander 2016 Верхня панель метал,6.0, ,,15.56,
15273.0,Mitsubishi Outlander 2016 Накладка птф ліва 2016,10.0, ,,6.0,
15274.0,Mitsubishi Outlander 2016 Накладка птф права 2016,10.0, ,,6.0,
15136.0,Mitsubishi Outlander 2016 Хром верхній лівий,29.0, ,,5.0,
15137.0,Mitsubishi Outlander 2016 Хром верхній правий,28.0, ,,5.0,
15128.0,Mitsubishi Outlander 2016 Хром нижній лівий,29.0, ,,8.0,
15129.0,Mitsubishi Outlander 2016 Хром нижній правий,24.0, ,,8.0,
15126.0,Mitsubishi Outlander 2016 Хром середній лівий,26.0, ,,10.0,
15127.0,Mitsubishi Outlander 2016 хром середній правий,24.0, ,,10.0,
13786.0,Mitsubishi Outlander 2016- Защита двигателя / бампера переднего,10.0, ,,23.45057,5370B626
13791.0,Mitsubishi Outlander 2016- Накладка бампера переднего нижняя,3.0, ,,26.156405,6400G470
14727.0,Mitsubishi Outlander 2016- Фара передняя левая ксенон 2 линзы USA,3.0, ,,171.3696,8301D249
14697.0,Mitsubishi Outlander 2016- бампер задний,22.0, ,,68.54782,6410D243
14693.0,Mitsubishi Outlander 2016- накладка заднего бампера низ,29.0, ,,27.05835,6415A061
14711.0,Mitsubishi Outlander 2016- нижняя панель телевизора,34.0, ,,11.132,5256B516
14816.0,Mitsubishi Outlander 2016- радиатор кондиционера,12.0, ,,62.0,7812A220
14698.0,Mitsubishi Outlander 2016- радиатор основной 26мм,4.0, ,,57.31,1350A602
14732.0,Mitsubishi Outlander 2016- усилитель шина заднего бампера,37.0, ,,40.9,6410C519
14689.0,Mitsubishi Outlander 2016- фонарь задний в бампер левый,23.0, ,,9.921395,8336A153
14690.0,Mitsubishi Outlander 2016- фонарь задний в бампер правый,21.0, ,,9.921395,8336A154
15270.0,Mitsubishi Outlander 2020 Губа нижня перед. бампера 2020,16.0, ,,48.0,
15275.0,Mitsubishi Outlander 2020 Накладка птф лів 2020,16.0, ,,6.0,
15276.0,Mitsubishi Outlander 2020 Накладка птф права 2020,15.0, ,,6.0,
15272.0,Mitsubishi Outlander 2020 Решітка радіатора 2020,16.0, ,,43.0,
15271.0,Mitsubishi Outlander 2020 Центральна накладка 2020,15.0, ,,40.0,
14703.0,Mitsubishi Outlander 2020 бампер задний,3.0, ,,77.924,
15474.0,Mitsubishi Outlander 4 2023- ДХО ліве,1.0, ,,157.13,
15475.0,Mitsubishi Outlander 4 2023- ДХО праве,1.0, ,,157.13,
15473.0,Mitsubishi Outlander 4 2023- Фара права фулл лед,2.0, ,,157.13,
13995.0,Nissan Altima 2013 решетка радиатора,2.0, ,,31.9,623103TA0A
13988.0,Nissan Altima 2020 бампер задний,1.0, ,,53.9,850226CG0H
15188.0,Nissan Qashqai 2019 Бампер передній,14.0, ,,48.0,
15189.0,Nissan Qashqai 2019 Заглушка крюка,1.0, ,,1.49,
15108.0,Nissan Qashqai 2019 Заглушка туманки R,3.0, ,,4.16899048933522,
15191.0,Nissan Qashqai 2019 Кронштейн туманки правий,2.0, ,,3.87,
15373.0,Nissan Qashqai 2019 Накладка туманки L,14.0, ,,15.0,
15374.0,Nissan Qashqai 2019 Накладка туманки R,14.0, ,,15.0,
15322.0,Nissan Qashqai 2019 Птічка,13.0, ,,22.0,
15323.0,Nissan Qashqai 2019 Решітка радіатора,4.0, ,,39.82,
15535.0,Nissan Qashqai 2019 Решітка радіатора під круг,14.0, ,,57.0,
15192.0,Nissan Qashqai 2019 Фара L,21.0, ,,92.0,
15193.0,Nissan Qashqai 2019 Фара R,21.0, ,,92.0,
15539.0,Nissan Qashqai 2019 Фара USA L,9.0, ,,107.0,
15540.0,Nissan Qashqai 2019 Фара USA R,9.0, ,,107.0,
15194.0,Nissan Qashqai 2019 Фара full led L,18.0, ,,105.0,
15195.0,Nissan Qashqai 2019 Фара full led R,18.0, ,,105.0,
14134.0,Nissan Qashqai J11 2017- кронштейн туманки правый,2.0, ,,4.54,26910-hv00a
13639.0,Nissan Rogue 2013 хром молдинг переднего бампера,33.0, ,,10.0,
15104.0,Nissan Rogue 2017 Воздуховод перший(великий),9.0, ,,17.0897193242881,
15101.0,Nissan Rogue 2017 Заглушка крюка,3.0, ,,1.1,
15121.0,Nissan Rogue 2017 Комплект птф,3.0, ,,22.07,
15100.0,Nissan Rogue 2017 Решітка нижня,7.0, ,,5.08,
15197.0,Nissan Rogue 2017 Решітка під дістронік,19.0, ,,36.37,
15203.0,Nissan Rogue 2017 Туманка заднього бампера,10.0, ,,5.5,
15109.0,Nissan Rogue 2017 Туманка ліва,1.0, ,,9.23,
15120.0,Nissan Rogue 2017 Фара права фул,1.0, ,,133.0,
15098.0,Nissan Rogue 2017 Хром переднього бампера,2.0, ,,7.04,
14814.0,Nissan Rogue 2017- Бачок омивача,30.0, ,,15.0,
13756.0,Nissan Rogue 2017- Детали крепления радиатора,20.0, ,,40.0,625114BC0A
14108.0,Nissan Rogue 2017- Панель передняя верхняя часть,4.0, ,,16.0,625114BC0A
14377.0,Nissan Rogue 2017- задняя панель,20.0, ,,35.0,G9110-4BAMA
14106.0,Nissan Rogue 2017- патрубок воздушного фильтра,1.0, ,,10.604,165544BA2A 165544BA1
13758.0,Nissan Rogue 2017- расширитель крыла задний правый,3.0, ,,9.0,78860 4CE1A
14832.0,Nissan Rogue 2017- резонатор,56.0, ,,12.0,16585-4CL0A
13921.0,Nissan Rogue 2017- решетка радиатора,33.0, ,,42.0,623106FL0A
14376.0,Nissan Rogue 2017- усилитель шина заднего бампера,52.0, ,,35.0,850327FL0A
14851.0,Nissan Rogue 2021 Крыло левое алюминий,1.0, ,,120.0,631016RR0A
15375.0,Nissan Rogue 2021 Решітка радіатора,2.0, ,,129.6,
15512.0,Porsche Macan 2018- Фара ліва FULL LED,5.0, ,,419.19,
15510.0,Porsche Macan 2018- Фара ліва LED,5.0, ,,406.41,
15513.0,Porsche Macan 2018- Фара права FULL LED,5.0, ,,419.19,
15511.0,Porsche Macan 2018- Фара права LED,5.0, ,,406.41,
14114.0,Subaru Forester 2013- противотуманка правая,3.0, ,,21.78,84501AJ060
14112.0,Subaru Forester 2017- хром бампера левый,2.0, ,,10.89,57708SG010
14113.0,Subaru Forester 2017- хром бампера правый,2.0, ,,10.89,57708SG000
13886.0,Subaru Forester 2019 Бампер задний,1.0, ,,113.96,57704SJ300
13888.0,Subaru Forester 2019 Крепление кронштейн бампера заднего L,3.0, ,,4.18,57707SJ330
13889.0,Subaru Forester 2019 Крепление кронштейн бампера заднего R,3.0, ,,4.18,57707SJ320
15380.0,Subaru Forester 2023 Фара ліва,5.0, ,,287.0,
15381.0,Subaru Forester 2023 Фара права,5.0, ,,287.0,
13601.0,Subaru Forester SX 2013- заглушука буксировочного отверстия,1.0, ,,2.0,57731SG070
13604.0,Subaru Forester SX 2013- молдинг бампера левый,5.0, ,,3.81,57731SG150
13672.0,Subaru Forester SX 2013- молдинг бампера правый,6.0, ,,3.81,57731SG140
15465.0,Subaru Outback 2021 Бампер передній,9.0, ,,80.43,
15468.0,Subaru Outback 2021 Заглушка бампера,9.0, ,,3.06,
15469.0,Subaru Outback 2021 Решітка бампера,9.0, ,,15.07,
15466.0,Subaru Outback 2021 Решітка радіатора хром,4.0, ,,43.41,
15467.0,Subaru Outback 2021 Решітка радіатора чорна,5.0, ,,43.41,
15470.0,Subaru Outback 2021 Туманка ліва,4.0, ,,40.88,
15471.0,Subaru Outback 2021 Туманка права,4.0, ,,40.88,
15463.0,Subaru Outback 2021 Фара ліва америка,5.0, ,,131.56,
15464.0,Subaru Outback 2021 Фара права америка,5.0, ,,131.56,
13914.0,Toyota Camry 70 2018 EUR LE Решетка бампера переднего,1.0, ,,33.44,53102-06100
13912.0,Toyota Camry 70 2018 LE Бампер передний,5.0, ,,50.424,52119-0X936
14224.0,Toyota Camry 70 2018 LE решетка радиатора,2.0, ,,27.23,53101-06E30
13916.0,Toyota Camry 70 2018 Крепление кронштейн бампера переднего R,1.0, ,,3.003,52535-06210
14222.0,Toyota Camry 70 2018 молдинг передней фары правый,1.0, ,,3.63,52712-06110
13582.0,Toyota Corolla 2015 решетка бампера нижняя,2.0, ,,19.8,53112-02450
13581.0,Toyota Corolla 2015 решетка радиатора,1.0, ,,12.1,5311102B00
13590.0,Toyota Corolla 2017 LE комплект противотуманок,1.0, ,,50.49,8144002020
13588.0,Toyota Corolla 2017 LE решетка бампера нижняя,1.0, ,,25.245,5311202730
13585.0,Toyota Corolla 2017 LE фара левая,1.0, ,,117.81,81150-02M70
13595.0,Toyota Corolla 2017 SE решетка бампера нижняя,1.0, ,,26.928,5311202740
15567.0,Toyota Corolla Cross 2022 Бампер передній L,5.0, ,,17.0,
15568.0,Toyota Corolla Cross 2022 Бампер передній R,5.0, ,,17.0,
15558.0,Toyota Corolla Cross 2022 Губа переднього бампера,10.0, ,,37.0,
15569.0,Toyota Corolla Cross 2022 Емблема голуба,5.0, ,,12.0,
15570.0,Toyota Corolla Cross 2022 Емблема чорна,5.0, ,,12.0,
15562.0,Toyota Corolla Cross 2022 Накладка глуха L,5.0, ,,4.0,
15563.0,Toyota Corolla Cross 2022 Накладка глуха R,5.0, ,,4.0,
15560.0,Toyota Corolla Cross 2022 Накладка під птф L,5.0, ,,3.0,
15561.0,Toyota Corolla Cross 2022 Накладка під птф R,5.0, ,,3.0,
15559.0,Toyota Corolla Cross 2022 Нижня частина бампера,10.0, ,,16.0,
15565.0,Toyota Corolla Cross 2022 Решітка радіатора хром,5.0, ,,31.0,
15566.0,Toyota Corolla Cross 2022 Решітка радіатора хром під камеру,5.0, ,,32.0,
15564.0,Toyota Corolla Cross 2022 Решітка радіатора чорна,5.0, ,,31.0,
15556.0,Toyota Corolla Cross 2022 Туманка ліва,5.0, ,,6.0,
15557.0,Toyota Corolla Cross 2022 Туманка права,5.0, ,,6.0,
15554.0,Toyota Corolla Cross 2022 Фара ліва,4.0, ,,124.0,
15552.0,Toyota Corolla Cross 2022 Фара ліва фул,5.0, ,,182.0,
15555.0,Toyota Corolla Cross 2022 Фара права,4.0, ,,124.0,
15553.0,Toyota Corolla Cross 2022 Фара права фул,5.0, ,,182.0,
14049.0,Toyota Highlander 2017 Кронштейн накладки ПТФ левый,2.0, ,,6.35,52040-0E030
14050.0,Toyota Highlander 2017 Кронштейн накладки ПТФ правый,2.0, ,,6.35,52030-0E030
14223.0,Toyota Highlander 2017 накладка панели замка капота,4.0, ,,12.71,53295-0E070
14048.0,Toyota Highlander 2017 накладка туманки левая,4.0, ,,5.45,8122002160
14047.0,Toyota Highlander 2017 накладка туманки правая,4.0, ,,5.45,8121002160
14539.0,Toyota Highlander 2017 радиатор основной,5.0, ,,86.0,164000P420
14328.0,Toyota Highlander 2017 фонарь задний L,6.0, ,,52.64,81560-0E161
14329.0,Toyota Highlander 2017 фонарь задний R,2.0, ,,52.64,81550-0E161
13619.0,Toyota Highlander 2017- бампер задний,3.0, ,,45.38,52159-oE911
13620.0,Toyota Highlander 2017- бампер задний нижняя часть,1.0, ,,36.3,52169-0E070
14451.0,Toyota Rav4 2019 Adventure бампер передний,2.0, ,,107.43,521190R921
14449.0,Toyota Rav4 2019 Adventure губа переднего бампера,1.0, ,,47.27,
14453.0,Toyota Rav4 2019 Adventure корпус противотуманки левый,1.0, ,,7.19,52128-0R170
14455.0,Toyota Rav4 2019 Adventure крепление решетки радиатора,2.0, ,,31.85,53115-0R020
14452.0,Toyota Rav4 2019 Adventure накладка переднего бампера нижняя,2.0, ,,51.38,53113-0R100
14459.0,Toyota Rav4 2019 Adventure решетка бампера низ,2.0, ,,31.34,53112-0R170
14460.0,Toyota Rav4 2019 Adventure решетка радиатора,2.0, ,,42.44,"53111-0R120
"
14448.0,Toyota Rav4 2019 губа переднего бампера,1.0, ,,42.13,52411-0R130
14466.0,Toyota Rav4 2019 корпус противотуманки левый,1.0, ,,4.11,52128-0R160
14468.0,Toyota Rav4 2019 кронштейн заднего бампера большой левый,5.0, ,,6.17,"52155-0r070
"
14469.0,Toyota Rav4 2019 кронштейн заднего бампера большой правый,5.0, ,,6.17,"525630r070
"
14470.0,Toyota Rav4 2019 кронштейн заднего бампера короткий левый,1.0, ,,5.14,"525620r070
"
14471.0,Toyota Rav4 2019 кронштейн заднего бампера короткий правый,4.0, ,,5.14,
14524.0,Toyota Rav4 2019 крышка багажника алюминий (Уцінка),1.0, ,,,670050R300
14463.0,Toyota Rav4 2019 накладка переднего бампера нижняя,2.0, ,,42.13,"52711-0r080B0
"
14476.0,Toyota Rav4 2019 отражатель задний левый,2.0, ,,7.19,81920-08010
14477.0,Toyota Rav4 2019 отражатель задний правый,1.0, ,,7.19,81910-08010
13716.0,VW Jetta 2019 бампер передний,1.0, ,,93.0,
14235.0,VW Passat B8 2016 кронштейн фары металл правый,1.0, ,,5.45,561805932D
14854.0,VW Passat B8 2016 фонарь крышки багажника правый USA,1.0, ,,80.0,
15317.0,VW Tiguan 2017 Фара R,2.0, ,,83.0,
15478.0,VW Tiguan 2022 Бампер передній R-line,13.0, ,,55.0,
15489.0,VW Tiguan 2022 Вставка низ ліва R-line,13.0, ,,9.0,
15488.0,VW Tiguan 2022 Вставка низ права R-line,13.0, ,,9.0,
15487.0,VW Tiguan 2022 Вставка низ центр R-line,13.0, ,,8.0,
15483.0,VW Tiguan 2022 Вставка хром ліва R-line,13.0, ,,9.0,
15482.0,VW Tiguan 2022 Вставка хром права R-line,13.0, ,,9.0,
15484.0,VW Tiguan 2022 Заглушка бампера R-line,13.0, ,,4.0,
15486.0,VW Tiguan 2022 Захист бампера R-line,6.0, ,,16.0,
15481.0,VW Tiguan 2022 Накладка ліва чорна R-line,13.0, ,,9.0,
15480.0,VW Tiguan 2022 Накладка права чорна R-line,13.0, ,,9.0,
15479.0,VW Tiguan 2022 Решітка бампера низ R-line,13.0, ,,66.0,
15490.0,VW Tiguan 2022 Решітка радіатора хром,13.0, ,,47.0,
15384.0,VW Tiguan 2022 Фара ліва,11.0, ,,195.0,
15476.0,VW Tiguan 2022 Фара ліва Full Led,9.0, ,,234.0,
15385.0,VW Tiguan 2022 Фара права,11.0, ,,195.0,
15477.0,VW Tiguan 2022 Фара права Full Led,9.0, ,,234.0,
15485.0,VW Tiguan 2022 Хром решітки низ R-line,13.0, ,,13.0,
15423.0,Volvo XC 60 2018 Бампер передній,25.0, ,,60.0,
15424.0,Volvo XC 60 2018 Заглушка крюка,25.0, ,,2.0,
15427.0,Volvo XC 60 2018 Заглушка омивача L,25.0, ,,2.0,
15428.0,Volvo XC 60 2018 Заглушка омивача R,25.0, ,,2.0,
15436.0,Volvo XC 60 2018 Захист бампера,27.0, ,,23.0,
15425.0,Volvo XC 60 2018 Кронштейн бампера L,25.0, ,,6.0,
15426.0,Volvo XC 60 2018 Кронштейн бампера R,25.0, ,,6.0,
15430.0,Volvo XC 60 2018 Кронштейн туманки L,24.0, ,,5.0,
15431.0,Volvo XC 60 2018 Кронштейн туманки R,26.0, ,,5.0,
15432.0,Volvo XC 60 2018 Накладка туманки L,25.0, ,,8.0,
15433.0,Volvo XC 60 2018 Накладка туманки R,25.0, ,,8.0,
15429.0,Volvo XC 60 2018 Нижня решітка,15.0, ,,11.0,
15532.0,Volvo XC 60 2018 Нижня решітка під парк,10.0, ,,11.0,
15439.0,Volvo XC 60 2018 Решітка радіатора,25.0, ,,75.0,
15437.0,Volvo XC 60 2018 Туманка L,25.0, ,,19.0,
15438.0,Volvo XC 60 2018 Туманка R,25.0, ,,19.0,
15527.0,Volvo XC 60 2018 Фара ліва,4.0, ,,278.57,
15528.0,Volvo XC 60 2018 Фара права,4.0, ,,278.57,
15434.0,Volvo XC 60 2018 Хром бампера L,25.0, ,,4.0,
15435.0,Volvo XC 60 2018 Хром бампера R,25.0, ,,4.0,
15524.0,Volvo XC 90 2020 Заглушка омивача L,1.0, ,,1.51,
15525.0,Volvo XC 90 2020 Заглушка омивача R,1.0, ,,1.51,
15526.0,Volvo XC 90 2020 Захист,10.0, ,,24.24,
15451.0,Volvo XC90 Фара ліва,6.0, ,,311.0,
15452.0,Volvo XC90 Фара права,6.0, ,,311.0,
